{
  "name": "Johor",
  "city": [
    {
      "name": "Ayer Baloi",
      "postcode": ["82100"]
    },
    {
      "name": "Ayer Hitam",
      "postcode": ["86100"]
    },
    {
      "name": "Ayer Tawar 2",
      "postcode": ["81920"]
    },
    {
      "name": "Bandar Penawar",
      "postcode": ["81930", "81960"]
    },
    {
      "name": "Bandar Tenggara",
      "postcode": ["81440"]
    },
    {
      "name": "Batu Anam",
      "postcode": ["85100"]
    },
    {
      "name": "Batu Pahat",
      "postcode": [
        "83000",
        "83010",
        "83020",
        "83030",
        "83040",
        "83050",
        "86400"
      ]
    },
    {
      "name": "Bekok",
      "postcode": ["86500"]
    },
    {
      "name": "Benut",
      "postcode": ["82200"]
    },
    {
      "name": "Bukit Gambir",
      "postcode": ["84800"]
    },
    {
      "name": "Bukit Pasir",
      "postcode": ["84300"]
    },
    {
      "name": "Chaah",
      "postcode": ["85400"]
    },
    {
      "name": "Endau",
      "postcode": ["86900", "86999"]
    },
    {
      "name": "Gelang Patah",
      "postcode": ["81550", "81560"]
    },
    {
      "name": "Gerisek",
      "postcode": ["84700", "84710"]
    },
    {
      "name": "Gugusan Taib Andak",
      "postcode": ["81450"]
    },
    {
      "name": "Jementah",
      "postcode": ["85200", "85210"]
    },
    {
      "name": "Johor Bahru",
      "postcode": [
        "80000",
        "80050",
        "80100",
        "80110",
        "80150",
        "80200",
        "80250",
        "80300",
        "80350",
        "80400",
        "80500",
        "80502",
        "80503",
        "80504",
        "80505",
        "80506",
        "80508",
        "80514",
        "80516",
        "80517",
        "80518",
        "80519",
        "80520",
        "80529",
        "80530",
        "80532",
        "80534",
        "80536",
        "80538",
        "80540",
        "80542",
        "80546",
        "80548",
        "80550",
        "80552",
        "80558",
        "80560",
        "80564",
        "80568",
        "80570",
        "80576",
        "80578",
        "80584",
        "80586",
        "80590",
        "80592",
        "80594",
        "80596",
        "80600",
        "80604",
        "80606",
        "80608",
        "80610",
        "80612",
        "80620",
        "80622",
        "80626",
        "80628",
        "80630",
        "80632",
        "80644",
        "80646",
        "80648",
        "80658",
        "80660",
        "80662",
        "80664",
        "80668",
        "80670",
        "80672",
        "80673",
        "80676",
        "80700",
        "80710",
        "80720",
        "80730",
        "80750",
        "80800",
        "80900",
        "80902",
        "80904",
        "80906",
        "80908",
        "80988",
        "80990",
        "81100",
        "81110",
        "81120",
        "81200",
        "81250",
        "81300",
        "81310"
      ]
    },
    {
      "name": "Kahang",
      "postcode": ["86700"]
    },
    {
      "name": "Kluang",
      "postcode": ["86000", "86007"]
    },
    {
      "name": "Kota Tinggi",
      "postcode": ["81900", "81907", "81910"]
    },
    {
      "name": "Kukup",
      "postcode": ["82300"]
    },
    {
      "name": "Kulai",
      "postcode": ["81000", "81010", "81020", "81030", "81040", "81050"]
    },
    {
      "name": "Labis",
      "postcode": ["85300"]
    },
    {
      "name": "Layang-Layang",
      "postcode": ["81850"]
    },
    {
      "name": "Masai",
      "postcode": ["81750", "81760"]
    },
    {
      "name": "Mersing",
      "postcode": ["86800", "86810"]
    },
    {
      "name": "Muar",
      "postcode": [
        "84000",
        "84007",
        "84010",
        "84020",
        "84030",
        "84040",
        "84050",
        "84100",
        "84200",
        "84300",
        "84410"
      ]
    },
    {
      "name": "Nusajaya",
      "postcode": [
        "79000",
        "79100",
        "79150",
        "79200",
        "79250",
        "79502",
        "79503",
        "79504",
        "79505",
        "79511",
        "79513",
        "79514",
        "79517",
        "79518",
        "79520",
        "79521",
        "79523",
        "79532",
        "79538",
        "79540",
        "79546",
        "79548",
        "79550",
        "79552",
        "79555",
        "79570",
        "79575",
        "79576",
        "79592",
        "79601",
        "79603",
        "79605",
        "79606",
        "79612",
        "79626",
        "79630",
        "79632",
        "79646",
        "79658",
        "79660",
        "79680",
        "79681",
        "79683"
      ]
    },
    {
      "name": "Pagoh",
      "postcode": ["84600"]
    },
    {
      "name": "Paloh",
      "postcode": ["86600"]
    },
    {
      "name": "Panchor",
      "postcode": ["84500"]
    },
    {
      "name": "Parit Jawa",
      "postcode": ["84150", "84160"]
    },
    {
      "name": "Parit Raja",
      "postcode": ["86400"]
    },
    {
      "name": "Parit Sulong",
      "postcode": ["83500"]
    },
    {
      "name": "Pasir Gudang",
      "postcode": ["81700"]
    },
    {
      "name": "Pekan Nenas",
      "postcode": ["71590", "81500"]
    },
    {
      "name": "Pengerang",
      "postcode": ["81600", "81620", "81650"]
    },
    {
      "name": "Pontian",
      "postcode": ["82000", "82010", "82020", "82030"]
    },
    {
      "name": "Rengam",
      "postcode": ["86300"]
    },
    {
      "name": "Rengit",
      "postcode": ["83100"]
    },
    {
      "name": "Segamat",
      "postcode": [
        "85000",
        "85010",
        "85020",
        "85030",
        "85060",
        "85070",
        "85080"
      ]
    },
    {
      "name": "Semerah",
      "postcode": ["83600", "83610"]
    },
    {
      "name": "Senai",
      "postcode": ["81400", "81410"]
    },
    {
      "name": "Senggarang",
      "postcode": ["83200"]
    },
    {
      "name": "Seri Gading",
      "postcode": ["83300"]
    },
    {
      "name": "Seri Medan",
      "postcode": ["83400"]
    },
    {
      "name": "Simpang Rengam",
      "postcode": ["86200"]
    },
    {
      "name": "Sungai Mati",
      "postcode": ["84400", "84409"]
    },
    {
      "name": "Tangkak",
      "postcode": ["84900", "84990"]
    },
    {
      "name": "Tioman",
      "postcode": ["86800"]
    },
    {
      "name": "Ulu Choh",
      "postcode": ["81150"]
    },
    {
      "name": "Ulu Tiram",
      "postcode": ["81800", "81810"]
    },
    {
      "name": "Yong Peng",
      "postcode": ["83700", "83710"]
    }
  ]
}
